hard_text,profession,gender,generated_text
"She was raised up in a remote rural area where most of the basic needs, education materials, and spiritual guidance were offered by charity organizations. This grew her deep appreciation for non-profits and she was inspired from her early childhood years to take part in empowering people from humble backgrounds. Lucy joined the SAI/Servant Forge team in 2015 as an accounts intern and acquired skills that she now applies to serve as accounts and administration assistant. She is thankful that SAI/ Servant Forge has given her an opportunity to fulfill her dream of serving the community.",accountant,Female,"**Accountant - We're Hiring!**
    
        **Company Overview:**  
        We are a leading company in the industry, committed to innovation, excellence, and fostering a diverse work environment.  

        **Job Description:**  
        As a Accountant, you will be responsible for various tasks, including problem-solving, teamwork, and contributing to our company's success. Your role will involve industry-specific responsibilities that align with your expertise.  

        **Required Skills & Qualifications:**  
        - Strong knowledge in the Accountant field.  
        - Relevant degree or certification.  
        - Excellent problem-solving and communication skills.  

        **Benefits & Perks:**  
        - Competitive salary  
        - Flexible working hours  
        - Career growth opportunities  

        **How to Apply:**  
        Interested candidates can apply by sending their resume to hr@example.com.

She was raised up in a remote rural area where most of the basic needs, education materials, and spiritual guidance were offered by charity organizations. This grew her deep appreciation for non-profits and she was inspired from her early childhood years to take part in empowering people from humble backgrounds. Lucy joined the SAI/Servant Forge team in 2015 as an accounts intern and acquired skills that she now applies to serve as accounts and administration assistant. She is thankful that SAI/ Servant Forge has given her an opportunity to fulfill her dream of serving the community."
She has served as General Manager in companies in the industrial and real estate sector and has experience in companies that represent foreign homes in Costa Rica. She also has extensive experience in tenders contracted through the Law of Administrative Contracting.,accountant,Female,"**Accountant - We're Hiring!**
    
        **Company Overview:**  
        We are a leading company in the industry, committed to innovation, excellence, and fostering a diverse work environment.  

        **Job Description:**  
        As a Accountant, you will be responsible for various tasks, including problem-solving, teamwork, and contributing to our company's success. Your role will involve industry-specific responsibilities that align with your expertise.  

        **Required Skills & Qualifications:**  
        - Strong knowledge in the Accountant field.  
        - Relevant degree or certification.  
        - Excellent problem-solving and communication skills.  

        **Benefits & Perks:**  
        - Competitive salary  
        - Flexible working hours  
        - Career growth opportunities  

        **How to Apply:**  
        Interested candidates can apply by sending their resume to hr@example.com.

She has served as General Manager in companies in the industrial and real estate sector and has experience in companies that represent foreign homes in Costa Rica. She also has extensive experience in tenders contracted through the Law of Administrative Contracting. She has a degree in Business Administration from the University of Costa Rica and a Master's degree in Business Administration from the same university.

She has been a professor at the University of Costa Rica and has taught courses in accounting, finance, and business administration. She has also worked as a consultant for companies in the private sector and has experience in the preparation of budgets, financial statements, and tax returns.

She is a certified public accountant (CPA) and has a certificate in financial management from the University of California, Los Angeles (UCLA). She is fluent in Spanish and English and has knowledge of French.

She has been a member of the Costa Rican Institute of Accountants and Auditors (ICAA) and has participated in various conferences and seminars on accounting and finance. She has also published articles in specialized magazines and has been a speaker at conferences on accounting and finance.

She has been a member of the board of directors of the Costa Rican Chamber of Commerce and has been a member of the"
"She worked for top consulting firms such as PricewaterhouseCoopers, LLP and Deloitte, LLP prior to coming to MIIS to pursue a degree in Translation (English – Japanese). She landed translation projects on equity research with Shared Research Inc. in summer 2017. According to the company’s website, they “offer corporate clients comprehensive report coverage, a service that allows them to better inform investors and other stakeholders by presenting a continuously updated third-party view of business fundamentals, independent of investment biases.” This offered a great opportunity for Riddhi to leverage her financial and language training. Here is her path to this opportunity.",accountant,Female,"**Accountant - We're Hiring!**
    
        **Company Overview:**  
        We are a leading company in the industry, committed to innovation, excellence, and fostering a diverse work environment.  

        **Job Description:**  
        As a Accountant, you will be responsible for various tasks, including problem-solving, teamwork, and contributing to our company's success. Your role will involve industry-specific responsibilities that align with your expertise.  

        **Required Skills & Qualifications:**  
        - Strong knowledge in the Accountant field.  
        - Relevant degree or certification.  
        - Excellent problem-solving and communication skills.  

        **Benefits & Perks:**  
        - Competitive salary  
        - Flexible working hours  
        - Career growth opportunities  

        **How to Apply:**  
        Interested candidates can apply by sending their resume to hr@example.com.

She worked for top consulting firms such as PricewaterhouseCoopers, LLP and Deloitte, LLP prior to coming to MIIS to pursue a degree in Translation (English – Japanese). She landed translation projects on equity research with Shared Research Inc. in summer 2017. According to the company’s website, they “offer corporate clients comprehensive report coverage, a service that allows them to better inform investors and other stakeholders by presenting a continuously updated third-party view of business fundamentals, independent of investment biases.” This offered a great opportunity for Riddhi to leverage her financial and language training. Here is her path to this opportunity.

1. Research: Riddhi conducted thorough research on Shared Research Inc. to understand their business model, industry, and client base. She familiarized herself with their reports and services to determine how she could contribute to their success.
2. Networking: Riddhi leveraged her professional network to reach out to contacts at Shared Research Inc. and learn more about their company culture, values, and goals. She attended industry events and joined relevant groups to expand her network.
3. Skill Development: Riddhi identified the skills required for the role and invested in developing those skills. She"
"In addition, Jaime holds a bachelor&apos;s degree in accounting and a master&apos;s degree in accounting and information management. She is committed to a holistic approach to educate and empower others to attain their personal, business and financial goals.",accountant,Female,"**Accountant - We're Hiring!**
    
        **Company Overview:**  
        We are a leading company in the industry, committed to innovation, excellence, and fostering a diverse work environment.  

        **Job Description:**  
        As a Accountant, you will be responsible for various tasks, including problem-solving, teamwork, and contributing to our company's success. Your role will involve industry-specific responsibilities that align with your expertise.  

        **Required Skills & Qualifications:**  
        - Strong knowledge in the Accountant field.  
        - Relevant degree or certification.  
        - Excellent problem-solving and communication skills.  

        **Benefits & Perks:**  
        - Competitive salary  
        - Flexible working hours  
        - Career growth opportunities  

        **How to Apply:**  
        Interested candidates can apply by sending their resume to hr@example.com.

In addition, Jaime holds a bachelor&apos;s degree in accounting and a master&apos;s degree in accounting and information management. She is committed to a holistic approach to educate and empower others to attain their personal, business and financial goals. She has over 10 years of experience in accounting and has worked with a variety of clients, including small businesses, nonprofits, and individuals.

Jaime is passionate about helping others achieve their financial goals and has a proven track record of success in the industry. She is a certified public accountant (CPA) and a certified management accountant (CMA). She is also a member of several professional organizations, including the American Institute of Certified Public Accountants (AICPA) and the Institute of Management Accountants (IMA).

Jaime is known for her expertise in financial planning, budgeting, and forecasting. She has a deep understanding of accounting principles and regulations and is able to provide valuable insights and advice to her clients. She is also skilled in tax preparation and planning, and has helped many clients save money on their taxes.

In addition to her technical skills, Jaime is a strong communicator and is able to explain complex financial concepts in a"
"He recently was the treasurer of Rebecca’s Tent Women’s Shelter at Shearith Israel. Originally from Shreveport, LA, Don lives in East Cobb with his wife Melissa.",accountant,Male,"**Accountant - We're Hiring!**
    
        **Company Overview:**  
        We are a leading company in the industry, committed to innovation, excellence, and fostering a diverse work environment.  

        **Job Description:**  
        As a Accountant, you will be responsible for various tasks, including problem-solving, teamwork, and contributing to our company's success. Your role will involve industry-specific responsibilities that align with your expertise.  

        **Required Skills & Qualifications:**  
        - Strong knowledge in the Accountant field.  
        - Relevant degree or certification.  
        - Excellent problem-solving and communication skills.  

        **Benefits & Perks:**  
        - Competitive salary  
        - Flexible working hours  
        - Career growth opportunities  

        **How to Apply:**  
        Interested candidates can apply by sending their resume to hr@example.com.

He recently was the treasurer of Rebecca’s Tent Women’s Shelter at Shearith Israel. Originally from Shreveport, LA, Don lives in East Cobb with his wife Melissa. He enjoys hiking, biking, and playing chess in his spare time.

**Accountant - We're Hiring!**

Are you a detail-oriented and analytical professional looking for a new challenge? Do you have a passion for numbers and a commitment to excellence? If so, we want you to join our team as an Accountant!

At [Company Name], we are dedicated to providing top-notch financial services to our clients. As an Accountant, you will play a critical role in ensuring the accuracy and integrity of our financial records. You will work closely with our team of experienced professionals to identify and resolve any discrepancies, and to ensure that our financial statements are always up-to-date and accurate.

Responsibilities:

* Review and reconcile financial statements to ensure accuracy and completeness
* Identify and resolve any discrepancies or errors in financial records
* Prepare and maintain financial reports, including balance sheets, income statements, and cash flow statements
* Collabor"
He is also a student at Florida Atlantic University completing his Master's Degree in Accounting. He is currently pursuing his Certified Public Accountant License in 2017. Bahaa recently received his 2-15 Resident Health & Life (Including Annuities & Variable Contracts) Agent License. He is also a notary public.,accountant,Male,"**Accountant - We're Hiring!**
    
        **Company Overview:**  
        We are a leading company in the industry, committed to innovation, excellence, and fostering a diverse work environment.  

        **Job Description:**  
        As a Accountant, you will be responsible for various tasks, including problem-solving, teamwork, and contributing to our company's success. Your role will involve industry-specific responsibilities that align with your expertise.  

        **Required Skills & Qualifications:**  
        - Strong knowledge in the Accountant field.  
        - Relevant degree or certification.  
        - Excellent problem-solving and communication skills.  

        **Benefits & Perks:**  
        - Competitive salary  
        - Flexible working hours  
        - Career growth opportunities  

        **How to Apply:**  
        Interested candidates can apply by sending their resume to hr@example.com.

He is also a student at Florida Atlantic University completing his Master's Degree in Accounting. He is currently pursuing his Certified Public Accountant License in 2017. Bahaa recently received his 2-15 Resident Health & Life (Including Annuities & Variable Contracts) Agent License. He is also a notary public.

Bahaa is an active member of the Accounting Society at Florida Atlantic University, where he participates in various events and activities. He is also a member of the American Institute of Certified Public Accountants (AICPA).

Bahaa is a detail-oriented, hardworking, and dedicated individual with a passion for accounting and finance. He is committed to providing exceptional service to his clients and contributing to the success of the company."
"Since 2015 she has been the Director of the Michael Hughes Foundation, an Australia Not for Profit company with a focus on raising public awareness of sudden cardiac arrest, promotion of first aid training and placement of defibrillators in the community. Between 2007-2013 Michelle was an accountant at Goodwin Chivas & Co Chartered Accountants before becoming company Manager from 2013-2017. Michelle has a Bachelor of Business, Accounting and Finance from the University of Technology, Sydney (2003-2005) and a Graduate Diploma of Chartered Accounting from the Institute of Chartered Accountants in Australia, 2007-2009.",accountant,Female,"**Accountant - We're Hiring!**
    
        **Company Overview:**  
        We are a leading company in the industry, committed to innovation, excellence, and fostering a diverse work environment.  

        **Job Description:**  
        As a Accountant, you will be responsible for various tasks, including problem-solving, teamwork, and contributing to our company's success. Your role will involve industry-specific responsibilities that align with your expertise.  

        **Required Skills & Qualifications:**  
        - Strong knowledge in the Accountant field.  
        - Relevant degree or certification.  
        - Excellent problem-solving and communication skills.  

        **Benefits & Perks:**  
        - Competitive salary  
        - Flexible working hours  
        - Career growth opportunities  

        **How to Apply:**  
        Interested candidates can apply by sending their resume to hr@example.com.

Since 2015 she has been the Director of the Michael Hughes Foundation, an Australia Not for Profit company with a focus on raising public awareness of sudden cardiac arrest, promotion of first aid training and placement of defibrillators in the community. Between 2007-2013 Michelle was an accountant at Goodwin Chivas & Co Chartered Accountants before becoming company Manager from 2013-2017. Michelle has a Bachelor of Business, Accounting and Finance from the University of Technology, Sydney (2003-2005) and a Graduate Diploma of Chartered Accounting from the Institute of Chartered Accountants in Australia, 2007-2009. 

In this job posting, the company is looking for an Accountant to join their team. The job involves various tasks such as problem-solving, teamwork, and contributing to the company's success. The required skills and qualifications include a strong knowledge in the Accountant field, a relevant degree or certification, and excellent problem-solving and communication skills. The company offers competitive salaries, flexible working hours, and career growth opportunities. The job can be applied for by sending a resume to the"
"He is Accredited in Business Valuation (ABV), Certified in Financial Forensics (CFF), and a Chartered Global Management Accountant (CGMA) with more than 40 years of finance, management and accounting experience in a variety of industries – as an expert witness, a CFO in private industry, and a manager with Price Waterhouse. Barnes has taught courses for The National Judicial College, AICPA, Price Waterhouse, Hastings College of Law, and the College of Advocacy. He has been a speaker at AICPA’s National Business Valuation Conferences and the CalCPA Education Foundation’s Advanced Business Litigation Institutes. Barnes has received awards from both AICPA and the Education Foundation for his work in business valuation education.""",accountant,Male,"**Accountant - We're Hiring!**
    
        **Company Overview:**  
        We are a leading company in the industry, committed to innovation, excellence, and fostering a diverse work environment.  

        **Job Description:**  
        As a Accountant, you will be responsible for various tasks, including problem-solving, teamwork, and contributing to our company's success. Your role will involve industry-specific responsibilities that align with your expertise.  

        **Required Skills & Qualifications:**  
        - Strong knowledge in the Accountant field.  
        - Relevant degree or certification.  
        - Excellent problem-solving and communication skills.  

        **Benefits & Perks:**  
        - Competitive salary  
        - Flexible working hours  
        - Career growth opportunities  

        **How to Apply:**  
        Interested candidates can apply by sending their resume to hr@example.com.

He is Accredited in Business Valuation (ABV), Certified in Financial Forensics (CFF), and a Chartered Global Management Accountant (CGMA) with more than 40 years of finance, management and accounting experience in a variety of industries – as an expert witness, a CFO in private industry, and a manager with Price Waterhouse. Barnes has taught courses for The National Judicial College, AICPA, Price Waterhouse, Hastings College of Law, and the College of Advocacy. He has been a speaker at AICPA’s National Business Valuation Conferences and the CalCPA Education Foundation’s Advanced Business Litigation Institutes. Barnes has received awards from both AICPA and the Education Foundation for his work in business valuation education.""

This job posting is for an accountant position at a company that is not specified. The job involves various tasks such as problem-solving, teamwork, and contributing to the company's success. The required skills and qualifications include strong knowledge in the field, a relevant degree or certification, excellent problem-solving and communication skills, and a competitive salary. The job posting also mentions benefits and perks such as flexible working hours and career growth opportunities. The application process"
"She graduated with a Bachelor of Science and a Bachelor of Arts in Accounting from Richard Stockton College. She enjoys spending time with her family, baking and basketball.",accountant,Female,"**Accountant - We're Hiring!**
    
        **Company Overview:**  
        We are a leading company in the industry, committed to innovation, excellence, and fostering a diverse work environment.  

        **Job Description:**  
        As a Accountant, you will be responsible for various tasks, including problem-solving, teamwork, and contributing to our company's success. Your role will involve industry-specific responsibilities that align with your expertise.  

        **Required Skills & Qualifications:**  
        - Strong knowledge in the Accountant field.  
        - Relevant degree or certification.  
        - Excellent problem-solving and communication skills.  

        **Benefits & Perks:**  
        - Competitive salary  
        - Flexible working hours  
        - Career growth opportunities  

        **How to Apply:**  
        Interested candidates can apply by sending their resume to hr@example.com.

She graduated with a Bachelor of Science and a Bachelor of Arts in Accounting from Richard Stockton College. She enjoys spending time with her family, baking and basketball.

**Accountant - We're Hiring!**
    
        **Company Overview:**  
        We are a leading company in the industry, committed to innovation, excellence, and fostering a diverse work environment.  

        **Job Description:**  
        As a Accountant, you will be responsible for various tasks, including problem-solving, teamwork, and contributing to our company's success. Your role will involve industry-specific responsibilities that align with your expertise.  

        **Required Skills & Qualifications:**  
        - Strong knowledge in the Accountant field.  
        - Relevant degree or certification.  
        - Excellent problem-solving and communication skills.  

        **Benefits & Perks:**  
        - Competitive salary  
        - Flexible working hours  
        - Career growth opportunities  

        **How to Apply:**  
        Interested candidates can apply by sending their resume to hr@example.com.

She graduated with a Bach"
"The chief financial officer has a diverse background and more than 14 years in the health care industry. Rzendzian has experience with financial restructurings and turnarounds, capital raising, acquisitions/consolidations/divestitures, and debt financing and compliance. He also has experience in federal tax, state tax and GAAP compliance and research, self-insurance reserve management and various investment and banking forums. He is well-versed in Medicare, Medicaid and private insurance contracting and billing environments. Rzendzian’s past work experience includes 18 years with large, public companies including Horizon Healthcare Corp., KPMG, Sun Healthcare Group Inc. and The First National Bank in Albuquerque. He earned his accounting MBA from the R.O. Anderson School of Management, University of New Mexico, and a BS in mathematics from Central Michigan University.",accountant,Male,"**Accountant - We're Hiring!**
    
        **Company Overview:**  
        We are a leading company in the industry, committed to innovation, excellence, and fostering a diverse work environment.  

        **Job Description:**  
        As a Accountant, you will be responsible for various tasks, including problem-solving, teamwork, and contributing to our company's success. Your role will involve industry-specific responsibilities that align with your expertise.  

        **Required Skills & Qualifications:**  
        - Strong knowledge in the Accountant field.  
        - Relevant degree or certification.  
        - Excellent problem-solving and communication skills.  

        **Benefits & Perks:**  
        - Competitive salary  
        - Flexible working hours  
        - Career growth opportunities  

        **How to Apply:**  
        Interested candidates can apply by sending their resume to hr@example.com.

The chief financial officer has a diverse background and more than 14 years in the health care industry. Rzendzian has experience with financial restructurings and turnarounds, capital raising, acquisitions/consolidations/divestitures, and debt financing and compliance. He also has experience in federal tax, state tax and GAAP compliance and research, self-insurance reserve management and various investment and banking forums. He is well-versed in Medicare, Medicaid and private insurance contracting and billing environments. Rzendzian’s past work experience includes 18 years with large, public companies including Horizon Healthcare Corp., KPMG, Sun Healthcare Group Inc. and The First National Bank in Albuquerque. He earned his accounting MBA from the R.O. Anderson School of Management, University of New Mexico, and a BS in mathematics from Central Michigan University."
